{
  "tokenizer":{
    "token_acc":1.0,
    "token_p":1.0,
    "token_r":1.0,
    "token_f":1.0
  },
  "tok2vec":{

  },
  "ner":{
    "ents_p":0.4762331839,
    "ents_r":0.200075358,
    "ents_f":0.2817723534,
    "ents_per_type":{
      "ACQUIRER":{
        "p":0.4778869779,
        "r":0.2796549245,
        "f":0.3528344671
      },
      "ACQUIRED":{
        "p":0.4697986577,
        "r":0.1233480176,
        "f":0.1953942777
      },
      "PRICE":{
        "p":0.6666666667,
        "r":0.017699115,
        "f":0.0344827586
      },
      "7. ACQUIRER":{
        "p":0.0,
        "r":0.0,
        "f":0.0
      },
      "5. ACQUIRER":{
        "p":0.0,
        "r":0.0,
        "f":0.0
      },
      "ACQUIRED 1":{
        "p":0.0,
        "r":0.0,
        "f":0.0
      },
      "ACQUIRED 2":{
        "p":0.0,
        "r":0.0,
        "f":0.0
      },
      "4. ACQUIRER":{
        "p":0.0,
        "r":0.0,
        "f":0.0
      },
      "2. ACQUIRER":{
        "p":0.0,
        "r":0.0,
        "f":0.0
      },
      "3. ACQUIRER":{
        "p":0.0,
        "r":0.0,
        "f":0.0
      },
      "1. ACQUIRER":{
        "p":0.0,
        "r":0.0,
        "f":0.0
      }
    }
  },
  "speed":2031.7734839746
}